{"cameraMode":{"drawMode":0,"name":"Shaded","section":"Shading Mode"},"sceneLighting":true,"audioPlay":false,"sceneViewState":{"m_AlwaysRefresh":false,"showFog":true,"showSkybox":true,"showFlares":true,"showImageEffects":true,"showParticleSystems":true,"showVisualEffectGraphs":true,"m_FxEnabled":true},"in2DMode":false,"pivot":{"x":13.916874885559082,"y":8.663175582885743,"z":-11.83116340637207},"rotation":{"x":0.18276579678058625,"y":-0.3096243441104889,"z":0.06077141314744949,"w":0.9311859607696533},"size":0.17320504784584046,"orthographic":false}